route_number,route_title,section_id,full_guide_url,map_embed_url,map_mid,map_kml_url,map_polyline_count,map_point_count,map_scrape_error,faq_url,stop_description,stops_pipe_delimited,stop_count
1,"ROUTE 1 BO. OBRERO, LAPUZ TO CITY PROPER LOOP",bo-obrero,https://shemaegomez.com/bo-obrero-jeepney-route/,https://www.google.com/maps/d/embed?mid=1-DPGv82VEZf-JVVSDBqY-a2ZdDRonA8&ehbc=2E312F,1-DPGv82VEZf-JVVSDBqY-a2ZdDRonA8,https://www.google.com/maps/d/kml?mid=1-DPGv82VEZf-JVVSDBqY-a2ZdDRonA8&forcekml=1,1,321,,https://shemaegomez.com/?faq-group=route-1,"Bo. Obrero Multi-purpose Gym, (Bo. Obrero local streets), Everlasting St., Margarita St., Rizal St. (Lapuz Norte), Jalandoni High School, Rizal St (Lapuz Sur), Drilon Bridge, Muelle Loney (Provincial Capitol), Iznart St. (Land Bank/Citadines), JM Basa St. (Socorro Drug), Guanco St. (Gaisano Capital), Rizal St. (UI Phinma, )lloilo Central Market), Valeria St., (SM Delgado), Gen. Luna (Atrium), Muelle Loney (Provincial Capitol/Registry of Deeds), Drilon Bridge, Rizal St. (Lapuz Sur), Jalandoni High School, Rizal St. (Lapuz Norte) Margarita St., Everlasting St., (Bo. Obrero local streets), Bo. Obrero Multi-purpose Gym",Bo. Obrero Multi-purpose Gym | (Bo. Obrero local streets) | Everlasting St | Margarita St | Rizal St. (Lapuz Norte) | Jalandoni High School | Rizal St (Lapuz Sur) | Drilon Bridge | Muelle Loney (Provincial Capitol) | Iznart St. (Land Bank/Citadines) | JM Basa St. (Socorro Drug) | Guanco St. (Gaisano Capital) | Rizal St. (UI Phinma | )lloilo Central Market) | Valeria St | (SM Delgado) | Gen. Luna (Atrium) | Muelle Loney (Provincial Capitol/Registry of Deeds) | Drilon Bridge | Rizal St. (Lapuz Sur) | Jalandoni High School | Rizal St. (Lapuz Norte) Margarita St | Everlasting St | (Bo. Obrero local streets) | Bo. Obrero Multi-purpose Gym,25
2,ROUTE 2 VILLA PLAZA TO CITY PROPER VIA CALUMPANG,calaparan-calumpang,https://shemaegomez.com/calaparan-calumpang-jeepney-route/,https://www.google.com/maps/d/embed?mid=1V-3Bh3HxxrNWuxs-tdNPQhBPNazKAOA&ehbc=2E312F,1V-3Bh3HxxrNWuxs-tdNPQhBPNazKAOA,https://www.google.com/maps/d/kml?mid=1V-3Bh3HxxrNWuxs-tdNPQhBPNazKAOA&forcekml=1,2,525,,https://shemaegomez.com/?faq-group=route-2,"Yulo St. after Police Station, Osmeña St., Arroyo St. (Back of Arevalo Church), Bonifacio St., Yulo St. (Total Gasoline Station), Baluarte Calumpang-Villa-Oton Blvd., Rizal St. (Tanza Church), Ledesma St., Jalandoni St., De Leon St. (Super), Fuentes St., Ledesma St. (Robinsons City), Iznart St. (Socorro Drug), Rizal St. (lloilo Central Market), Ortiz St., JM Basa St. (Plaza Libertad/City Hall), Rizal St. (UI Phinma), Iznart St. (lloilo Central Market/Socorro Drug), Ledesma St. (Unitop/Robinsons City), Mabini St., De Leon St. (Super), Fuentes St., Ledesma St. (Colegio de las Hijas de Jesus), Rizal St., Infante St. (lloilo Fish Port), Baluarte-Calumpang-Villa-Oton BIvd., Total Gas Sta. (Yulo)",Yulo St. after Police Station | Osmeña St | Arroyo St. (Back of Arevalo Church) | Bonifacio St | Yulo St. (Total Gasoline Station) | Baluarte Calumpang-Villa-Oton Blvd | Rizal St. (Tanza Church) | Ledesma St | Jalandoni St | De Leon St. (Super) | Fuentes St | Ledesma St. (Robinsons City) | Iznart St. (Socorro Drug) | Rizal St. (lloilo Central Market) | Ortiz St | JM Basa St. (Plaza Libertad/City Hall) | Rizal St. (UI Phinma) | Iznart St. (lloilo Central Market/Socorro Drug) | Ledesma St. (Unitop/Robinsons City) | Mabini St | De Leon St. (Super) | Fuentes St | Ledesma St. (Colegio de las Hijas de Jesus) | Rizal St | Infante St. (lloilo Fish Port) | Baluarte-Calumpang-Villa-Oton BIvd | Total Gas Sta. (Yulo),27
3,ROUTE 3 UNGKA TO CITY PROPER VIA CPU LOOP,ungka-cpu,https://shemaegomez.com/ungka-cpu-jeepney-route/,https://www.google.com/maps/d/embed?mid=1MMCTYkNoRM0EqfwgZl41G9svXPxiCOo&ehbc=2E312F,1MMCTYkNoRM0EqfwgZl41G9svXPxiCOo,https://www.google.com/maps/d/kml?mid=1MMCTYkNoRM0EqfwgZl41G9svXPxiCOo&forcekml=1,2,643,,https://shemaegomez.com/?faq-group=route-3,"ITGSI, Ungka Terminal , Benigno Aquino (Ford lloilo/St. Joseph the Worker Church), Lopez Jaena St. (CPU), Rizal St. (Jaro Plaza), E. Lopez St. (Robinsons Jaro), Luna St. (St. Clement’s Church), Bonifacio Dr. (Hall of Justice/Provincial Capitol), Iznart St. (Citadines), JM Basa St. (Socorro Drug/Plaza Libertad/City Hall), Fort San Pedro Wharf, Parola Dr., Burgos St ., Sto. Rosario St., Zamora St., JM Basa St. (City Square/Marketplace) Iznart St. (PSA), Bonifacio Dr. (Provincial Capitol/Hall of Justice), Luna St. (Gaisano La Paz), Huervana St., Rizal St. (La Paz Market), E. Lopez St., Rizal St. (Jaro Plaza), Washington St., Democracia St., Simon Ledesma St., Lopez Jaena St., Benigno Aquino, ITGSI, Ungka Terminal",ITGSI | Ungka Terminal | Benigno Aquino (Ford lloilo/St. Joseph the Worker Church) | Lopez Jaena St. (CPU) | Rizal St. (Jaro Plaza) | E. Lopez St. (Robinsons Jaro) | Luna St. (St. Clement’s Church) | Bonifacio Dr. (Hall of Justice/Provincial Capitol) | Iznart St. (Citadines) | JM Basa St. (Socorro Drug/Plaza Libertad/City Hall) | Fort San Pedro Wharf | Parola Dr | Burgos St | Sto. Rosario St | Zamora St | JM Basa St. (City Square/Marketplace) Iznart St. (PSA) | Bonifacio Dr. (Provincial Capitol/Hall of Justice) | Luna St. (Gaisano La Paz) | Huervana St | Rizal St. (La Paz Market) | E. Lopez St | Rizal St. (Jaro Plaza) | Washington St | Democracia St | Simon Ledesma St | Lopez Jaena St | Benigno Aquino | ITGSI | Ungka Terminal,29
4,ROUTE 4 UNGKA TO CITY PROPER VIA B. AQUINO AVE./ FESTIVE WALK LOOP,ungka-diversion,https://shemaegomez.com/ungka-diversion-route/,https://www.google.com/maps/d/embed?mid=18HT-LgpgqWqeLuil5A2Bf5UO3QI5bow&ehbc=2E312F,18HT-LgpgqWqeLuil5A2Bf5UO3QI5bow,https://www.google.com/maps/d/kml?mid=18HT-LgpgqWqeLuil5A2Bf5UO3QI5bow&forcekml=1,1,374,,https://shemaegomez.com/?faq-group=route-4,"Ungka Terminal, B. Aquino Ave., Airport Spur Rd., Megaworld Blvd., Festive Walk Transport Hub, Taft St. (lloilo Integrated School), B. Aquino Ave. (Zuri Hotel/ SM City/Plazuela/Esplanade 1 and 2), Infante St. (UP/lloilo Doctors’ Hospital/ lloilo Fish Port), Rizal St., Ledesma St. (Colegio de las Hijas de Jesus), Mabini St. (Robinsons City), De Leon St. (Super), Valeria St. (Marymart), Delgado St. (SM Delgado), Infante St., B. Aquino Ave., Gaisano ICC Loop, Taft St., Megaworld Ave. (One Madison and Palladium), Spur Rd. (Carlos), U-turn Slot Gallenero Engineering, B. Aquino Ave., Ungka Terminal",Ungka Terminal | B. Aquino Ave | Airport Spur Rd | Megaworld Blvd | Festive Walk Transport Hub | Taft St. (lloilo Integrated School) | B. Aquino Ave. (Zuri Hotel/ SM City/Plazuela/Esplanade 1 and 2) | Infante St. (UP/lloilo Doctors’ Hospital/ lloilo Fish Port) | Rizal St | Ledesma St. (Colegio de las Hijas de Jesus) | Mabini St. (Robinsons City) | De Leon St. (Super) | Valeria St. (Marymart) | Delgado St. (SM Delgado) | Infante St | B. Aquino Ave | Gaisano ICC Loop | Taft St | Megaworld Ave. (One Madison and Palladium) | Spur Rd. (Carlos) | U-turn Slot Gallenero Engineering | B. Aquino Ave | Ungka Terminal,23
5,ROUTE 5 FESTIVE WALK TO CITY PROPER VIA B. AQUINO AVE. AND SM CITY,festive-sm,https://shemaegomez.com/festive-sm-city-jeepney-route/,https://www.google.com/maps/d/embed?mid=1_SZ-9REEELGwGvmKyVcVcBqp3tQ_r1Y&ehbc=2E312F,1_SZ-9REEELGwGvmKyVcVcBqp3tQ_r1Y,https://www.google.com/maps/d/kml?mid=1_SZ-9REEELGwGvmKyVcVcBqp3tQ_r1Y&forcekml=1,2,557,,https://shemaegomez.com/?faq-group=route-5,"Festive Walk Transport Hub, Megaworld Ave., Spur Road, Carlos, B. Aquino Ave. (Zuri Hotel/SM City/Plazuela 1&2/Smallville/Esplanade 1&2), Gen. Luna St. (UPV Iloilo Campus/ University of San Agustin/SPED/Jubilee Hall/Assumption Iloilo/Iloilo Central Elem. School/St. Paul’s Hospital-University/ Atrium Mall), Iznart St. (Citadines), JM Basa St. (Socorro Drug), Ortiz St., Rizal St. (Goldberry Lite Hotel/lloilo Central Market), Iznart St. (Socorro Drug) Ledesma St. (Unitop), Quezon St. (Narita/SM Delgado), Delgado St., Jalandoni St. (University of San Agustin Gym), Gen. Luna St. (UPV lloilo Campus), Diversion Rd. (St. Joseph School), Gaisano ICC Loop, SM Strata, U-turn Gil Car Traders, B. Aquino Ave., Atria, R. Mapa, Megaworld Ave. Loop, Carlos, B. Aquino Ave., Loading and Unloading Bay, SM City",Festive Walk Transport Hub | Megaworld Ave | Spur Road | Carlos | B. Aquino Ave. (Zuri Hotel/SM City/Plazuela 1&2/Smallville/Esplanade 1&2) | Gen. Luna St. (UPV Iloilo Campus/ University of San Agustin/SPED/Jubilee Hall/Assumption Iloilo/Iloilo Central Elem. School/St. Paul’s Hospital-University/ Atrium Mall) | Iznart St. (Citadines) | JM Basa St. (Socorro Drug) | Ortiz St | Rizal St. (Goldberry Lite Hotel/lloilo Central Market) | Iznart St. (Socorro Drug) Ledesma St. (Unitop) | Quezon St. (Narita/SM Delgado) | Delgado St | Jalandoni St. (University of San Agustin Gym) | Gen. Luna St. (UPV lloilo Campus) | Diversion Rd. (St. Joseph School) | Gaisano ICC Loop | SM Strata | U-turn Gil Car Traders | B. Aquino Ave | Atria | R. Mapa | Megaworld Ave. Loop | Carlos | B. Aquino Ave | Loading and Unloading Bay | SM City,27
6,ROUTE 6 LANIT TO SM CITY VIA INFANTE,lanit-sm,https://shemaegomez.com/lanit-jeepney-route/,,,,0,0,,https://shemaegomez.com/?faq-group=route-6,"Lanit/Leganes Boundary loop, Tiu Cho Teg-Ana Ros Foundation Integrated School, lloilo Radial Bypass Rd., Iloilo Circumferential Rd. (C. Aquino Ave.), Tacas Quintin Salas Rd. (SM Savemore), MacArthur Dr. (LTO/LTFRB), Simon Ledesma St., Lopez Jaena St., (Biscocho House), Rizal Street (Jaro Plaza), E. Lopez St. (Robinsons Jaro), Jalandoni St., (Injap Tower Hotel) B. Aquino Ave., U-turn Gil Trading Car Sales/Petron, B. Aquino Ave., Pison Rotunda, B. Aquino Ave., Infante (UP/llollo Doctors’ Hospital/Iloilo Fish Port), Locsin St., Rizal St., Infante, B. Aquino Ave. Gaisano Hub, SM Transport Hub (Strata), Jalandoni St., (Injap Tower Hotel), Commission Civil St. (SM Hypermarket), M. Jayme, E. Lopez (Robinsons Jaro), Seminario St., Burgos St., Cuartero St., Fajardo St., Libertad St., Sta. Isabel, Lopez Jaena St., Washington St., MacArthur Dr., Tacas-Quintin Salas Rd., Iloilo Circumferential Rd. (C. Aquino Ave.), llollo Radial Bypass Rd., Tiu Cho Teg-Ana Ros Foundation Integrated School, Lanit/ Leganes Boundary loop",Lanit/Leganes Boundary loop | Tiu Cho Teg-Ana Ros Foundation Integrated School | lloilo Radial Bypass Rd | Iloilo Circumferential Rd. (C. Aquino Ave.) | Tacas Quintin Salas Rd. (SM Savemore) | MacArthur Dr. (LTO/LTFRB) | Simon Ledesma St | Lopez Jaena St | (Biscocho House) | Rizal Street (Jaro Plaza) | E. Lopez St. (Robinsons Jaro) | Jalandoni St | (Injap Tower Hotel) B. Aquino Ave | U-turn Gil Trading Car Sales/Petron | B. Aquino Ave | Pison Rotunda | B. Aquino Ave | Infante (UP/llollo Doctors’ Hospital/Iloilo Fish Port) | Locsin St | Rizal St | Infante | B. Aquino Ave. Gaisano Hub | SM Transport Hub (Strata) | Jalandoni St | (Injap Tower Hotel) | Commission Civil St. (SM Hypermarket) | M. Jayme | E. Lopez (Robinsons Jaro) | Seminario St | Burgos St | Cuartero St | Fajardo St | Libertad St | Sta. Isabel | Lopez Jaena St | Washington St | MacArthur Dr | Tacas-Quintin Salas Rd | Iloilo Circumferential Rd. (C. Aquino Ave.) | llollo Radial Bypass Rd | Tiu Cho Teg-Ana Ros Foundation Integrated School | Lanit/ Leganes Boundary loop,42
7,ROUTE 7 COMPANIA TO CITY PROPER LOOP,compania-iloilo,https://shemaegomez.com/compania-jeepney-route/,https://www.google.com/maps/d/embed?mid=1fSM2XVdutimFh16z3paEz8-cVduOJpc&ehbc=2E312F,1fSM2XVdutimFh16z3paEz8-cVduOJpc,https://www.google.com/maps/d/kml?mid=1fSM2XVdutimFh16z3paEz8-cVduOJpc&forcekml=1,1,217,,https://shemaegomez.com/?faq-group=route-7,"Compania St. (Tibiao Bakeshop), Avanceña St. (Asilo De Molo), Locsin St. (Molo Plaza, Molo Mansion), Timawa St. (Iloilo Doctors’ College), Delgado St., Jalandoni St., De Leon St. (Super), Fuentes St., Ledesma St. (Robinsons City), Iznart St. (Socorro Drug), Rizal St. (lloilo Central Market), Ortiz St., JM Basa St. (Plaza Libertad/City Hall), Rizal St. (UI Phinma), Iznart St. (lloilo Central Market/Socorro Drug), Ledesma St. (Unitop/Robinsons City), Mabini St., De Leon St. (Super), Fuentes St., Ledesma St. (Colegio de las Hijas de Jesus), Mabini St., De Leon St. (Super), Fuentes St., Delgado St. (UPV Iloilo Campus), Timawa St., Compania St.",Compania St. (Tibiao Bakeshop) | Avanceña St. (Asilo De Molo) | Locsin St. (Molo Plaza | Molo Mansion) | Timawa St. (Iloilo Doctors’ College) | Delgado St | Jalandoni St | De Leon St. (Super) | Fuentes St | Ledesma St. (Robinsons City) | Iznart St. (Socorro Drug) | Rizal St. (lloilo Central Market) | Ortiz St | JM Basa St. (Plaza Libertad/City Hall) | Rizal St. (UI Phinma) | Iznart St. (lloilo Central Market/Socorro Drug) | Ledesma St. (Unitop/Robinsons City) | Mabini St | De Leon St. (Super) | Fuentes St | Ledesma St. (Colegio de las Hijas de Jesus) | Mabini St | De Leon St. (Super) | Fuentes St | Delgado St. (UPV Iloilo Campus) | Timawa St | Compania St,27
8,ROUTE 8 PAROLA TO SM CITY VIA INFANTE LOOP,parola-infante,https://shemaegomez.com/parola-jeepney-route/,,,,0,0,,https://shemaegomez.com/?faq-group=route-8,"Parola Wharf (City Mall Parola), Zamora Ext., Zamora St. (GSIS), Rizal St. (lloilo Central Market), Quezon St., De Leon St. (Robinsons City), Jalandoni St., Rizal St. (Tanza Church), Infante St. (lloilo Doctors’ Hospital-College/UPV Iloilo Campus), B. Aquino Ave., Gaisano ICC loop, B. Aquino Ave., SM Transport Hub (Strata), B. Aquino Ave., U-turn Gil Traders/Petron Station, B. Aquino Ave. (Zuri Hotel), Plazuela 1&2, Pacencia Tijam Ave. (S&R/Atria), Pison Rotunda, B. Aquino Ave. (Smallville/Esplanade 182), Infante St.(UPV Iloilo Campus/lloilo Doctors’ Hospital/College), Rizal St. Zamora St., Zamora Ext. Parola Wharf (City Mall Parola)",Parola Wharf (City Mall Parola) | Zamora Ext | Zamora St. (GSIS) | Rizal St. (lloilo Central Market) | Quezon St | De Leon St. (Robinsons City) | Jalandoni St | Rizal St. (Tanza Church) | Infante St. (lloilo Doctors’ Hospital-College/UPV Iloilo Campus) | B. Aquino Ave | Gaisano ICC loop | B. Aquino Ave | SM Transport Hub (Strata) | B. Aquino Ave | U-turn Gil Traders/Petron Station | B. Aquino Ave. (Zuri Hotel) | Plazuela 1&2 | Pacencia Tijam Ave. (S&R/Atria) | Pison Rotunda | B. Aquino Ave. (Smallville/Esplanade 182) | Infante St.(UPV Iloilo Campus/lloilo Doctors’ Hospital/College) | Rizal St. Zamora St | Zamora Ext. Parola Wharf (City Mall Parola),23
9,ROUTE 9 MOHON TO CITY PROPER LOOP,mohon-infante,https://shemaegomez.com/mohon-infante-jeepney-route/,https://www.google.com/maps/d/embed?mid=1U7xHkU6VfibbtB8ISjO71M0bN8Ewo6E&ehbc=2E312F,1U7xHkU6VfibbtB8ISjO71M0bN8Ewo6E,https://www.google.com/maps/d/kml?mid=1U7xHkU6VfibbtB8ISjO71M0bN8Ewo6E&forcekml=1,2,401,,https://shemaegomez.com/?faq-group=route-9,"Mohon Terminal, Osmeña St. (Camiña Balay nga Bato), Jocson St. (Arevalo Elementary School), Avanceña St. (Asilo De Molo/Iloilo Supermart Molo), Locsin St. (Molo Plaza/Molo Mansion) MH Del Pilar St. (GT Plaza Mall Molo/DSWD), Gen. Luna St. (UPV lloilo Campus/Atrium), Iznart St. (Citadines), JM Basa St. (Socorro Drug), Ortiz St. (Plaza Libertad), Rizal St. (lloilo Central Market), Valeria St. (SM Delgado), Delgado St., Mabini St. (Robinsons City), De Leon St. (Super), Fuentes St., Ledesma St., Rizal St., Infante St. (lloilo Doctors’ Hospital-College/UPV Iloilo Campus), MH Del Pilar St., San Pedro St. (Molo Plaza) Avanceña St. (Arevalo Plaza), Jocson St., Osmeña St., Mohon Terminal",Mohon Terminal | Osmeña St. (Camiña Balay nga Bato) | Jocson St. (Arevalo Elementary School) | Avanceña St. (Asilo De Molo/Iloilo Supermart Molo) | Locsin St. (Molo Plaza/Molo Mansion) MH Del Pilar St. (GT Plaza Mall Molo/DSWD) | Gen. Luna St. (UPV lloilo Campus/Atrium) | Iznart St. (Citadines) | JM Basa St. (Socorro Drug) | Ortiz St. (Plaza Libertad) | Rizal St. (lloilo Central Market) | Valeria St. (SM Delgado) | Delgado St | Mabini St. (Robinsons City) | De Leon St. (Super) | Fuentes St | Ledesma St | Rizal St | Infante St. (lloilo Doctors’ Hospital-College/UPV Iloilo Campus) | MH Del Pilar St | San Pedro St. (Molo Plaza) Avanceña St. (Arevalo Plaza) | Jocson St | Osmeña St | Mohon Terminal,23
10,ROUTE 10 BUNTATALA / TAGBAK TERMINAL TO CITY PROPER LOOP,tagbak-iloilo,https://shemaegomez.com/tagbak-city-proper-jeepney-route/,,,,0,0,,https://shemaegomez.com/?faq-group=route-10,"Buntatala Loop (Spousal of Mary and Joseph Parish Church), Tagbak Terminal, MacArthur Dr. (NFA, Iloilo Supermart Jaro, Angelicum), Simon Ledesma St., Jaro Plaza Rizal St., Commission Civil St. (SM Hypermarket), Del Carmen St., Luna St. (Benito Hospital, WVSU), Bonifacio Dr. (Provincial Capitol, Atrium Mall), Gen. Luna St., Jalandoni St. (University of San Agustin ), Rizal St. (Super), Mabini St., De Leon St. (Robinsons City), Quezon St., Rizal St. (UI Phinma) Mapa St. (Bombo Radyo lloilo, Goldberry Lite Hotel), JM Basa St., Ortiz St., Rizal St. (lloilo Central Market), Quezon St. (Sta. Teresita Church), De Leon St. (Ledi Supermart), Valeria St. (Marymart) Gen. Luna St. (Atrium lloilo), Muelle Loney St., Rizal St. (La Paz), Luna St. (WIT), E. Lopez St. (Benito Hospital), Del Carmen St., Commission Civil St. (SM Hypermarket), Rizal St. (Jaro Plaza, Ledi Supermart), Washington St., MacArthur Dr. (lloilo Supermart Jaro), Tagbak Terminal, Buntatala Loop (Spousal of Mary and Joseph Parish Church)",Buntatala Loop (Spousal of Mary and Joseph Parish Church) | Tagbak Terminal | MacArthur Dr. (NFA | Iloilo Supermart Jaro | Angelicum) | Simon Ledesma St | Jaro Plaza Rizal St | Commission Civil St. (SM Hypermarket) | Del Carmen St | Luna St. (Benito Hospital | WVSU) | Bonifacio Dr. (Provincial Capitol | Atrium Mall) | Gen. Luna St | Jalandoni St. (University of San Agustin ) | Rizal St. (Super) | Mabini St | De Leon St. (Robinsons City) | Quezon St | Rizal St. (UI Phinma) Mapa St. (Bombo Radyo lloilo | Goldberry Lite Hotel) | JM Basa St | Ortiz St | Rizal St. (lloilo Central Market) | Quezon St. (Sta. Teresita Church) | De Leon St. (Ledi Supermart) | Valeria St. (Marymart) Gen. Luna St. (Atrium lloilo) | Muelle Loney St | Rizal St. (La Paz) | Luna St. (WIT) | E. Lopez St. (Benito Hospital) | Del Carmen St | Commission Civil St. (SM Hypermarket) | Rizal St. (Jaro Plaza | Ledi Supermart) | Washington St | MacArthur Dr. (lloilo Supermart Jaro) | Tagbak Terminal | Buntatala Loop (Spousal of Mary and Joseph Parish Church),39
11,"ROUTE 11 TICUD, LA PAZ TO CITY PROPER LOOP",la-paz,https://shemaegomez.com/la-paz-isatu-jeepney-route/,https://www.google.com/maps/d/embed?mid=1jk7GaoqaVZYtDaPPoXrpcaBNijm9fps&ehbc=2E312F,1jk7GaoqaVZYtDaPPoXrpcaBNijm9fps,https://www.google.com/maps/d/kml?mid=1jk7GaoqaVZYtDaPPoXrpcaBNijm9fps&forcekml=1,2,374,,https://shemaegomez.com/?faq-group=route-11,"Ticud Loop (St. Paul’s, TIcud), Baldoza, Lopez Jaena St. (La Paz Plaza), Jereos St., Javellana Ext. (Ledesco Village), Commission Civil St., Burgos St. (ISATU), Huervana St. (La Paz Market), Rizal St. Luna St. (Gaisano La Paz), Bonifacio Dr. (Hall of Justice), Gen. Luna St. (St. Paul’s University), Jalandoni St. (University of San Agustin), De Leon St. (Super), Fuentes St., Ledesma St. (Robinsons City), Iznart St. (Socorro Drug), Rizal St. (UI Phinma), Gen. Hughes St. (Sagrado), Fort San Pedro Dr., Zamora Ext., Duran St., Sto. Rosario St., Zamora St. (GSIS/Plaza Libertad), JM Basa St. (Sunburst Park), lznart St. (Kongkee) Bonifacio Dr. (Provincial Capltol), Luna St., Magdalo St (MTC College), Gustilo St., Jereos St., Huervana Ext., Burgos St., Lopez Jaena St. (La Paz Plaza), Baldoza, Ticud Loop",Ticud Loop (St. Paul’s | TIcud) | Baldoza | Lopez Jaena St. (La Paz Plaza) | Jereos St | Javellana Ext. (Ledesco Village) | Commission Civil St | Burgos St. (ISATU) | Huervana St. (La Paz Market) | Rizal St. Luna St. (Gaisano La Paz) | Bonifacio Dr. (Hall of Justice) | Gen. Luna St. (St. Paul’s University) | Jalandoni St. (University of San Agustin) | De Leon St. (Super) | Fuentes St | Ledesma St. (Robinsons City) | Iznart St. (Socorro Drug) | Rizal St. (UI Phinma) | Gen. Hughes St. (Sagrado) | Fort San Pedro Dr | Zamora Ext | Duran St | Sto. Rosario St | Zamora St. (GSIS/Plaza Libertad) | JM Basa St. (Sunburst Park) | lznart St. (Kongkee) Bonifacio Dr. (Provincial Capltol) | Luna St | Magdalo St (MTC College) | Gustilo St | Jereos St | Huervana Ext | Burgos St | Lopez Jaena St. (La Paz Plaza) | Baldoza | Ticud Loop,35
12,ROUTE 12 MANDURRIAO TO CITY PROPER VIA FESTIVE WALK / B. AQUINO AVE.,mandurriao-molo,https://shemaegomez.com/mandurriao-festive-walk/,,,,0,0,,https://shemaegomez.com/?faq-group=route-12,"Mandurriao Plaza, PHHC, R. Mapa St., Megaworld Blvd., Festive Walk Transport Hub, Spur Rd. (Carlo’s Bakeshop), B. Aquino Ave. (SM City), Pison loop (Seda Hotel), B. Aquino Ave., Gen. Luna St. (UPV Iloilo Campus/University of San Agustin), Jalandoni St. (University of San Agustin Gym), Ledesma St. (Robinsons City), Iznart St. (Socorro Drug/ Iloilo Central Market), Rizal St. (UI Phinma), Valeria St. (Marymart), Delgado St. (SM Delgado), Mabini St., Gen. Luna St. (UPV Iloilo Campus), B. Aquino Ave. Gaisano llollo City Center Loop, SM Transport Hub, B. Aquino Ave., U-turn Fancom Inc., Spur Road (Carlos Bakeshop), Q. Abeto St. (WVMC), Guzman St., Perfecto St., Oñate St., De Leon St., Jesena St., Benedicto St., Libertad St., (PHHC) Housing Main Road, Q. Abeto St.",Mandurriao Plaza | PHHC | R. Mapa St | Megaworld Blvd | Festive Walk Transport Hub | Spur Rd. (Carlo’s Bakeshop) | B. Aquino Ave. (SM City) | Pison loop (Seda Hotel) | B. Aquino Ave | Gen. Luna St. (UPV Iloilo Campus/University of San Agustin) | Jalandoni St. (University of San Agustin Gym) | Ledesma St. (Robinsons City) | Iznart St. (Socorro Drug/ Iloilo Central Market) | Rizal St. (UI Phinma) | Valeria St. (Marymart) | Delgado St. (SM Delgado) | Mabini St | Gen. Luna St. (UPV Iloilo Campus) | B. Aquino Ave. Gaisano llollo City Center Loop | SM Transport Hub | B. Aquino Ave | U-turn Fancom Inc | Spur Road (Carlos Bakeshop) | Q. Abeto St. (WVMC) | Guzman St | Perfecto St | Oñate St | De Leon St | Jesena St | Benedicto St | Libertad St | (PHHC) Housing Main Road | Q. Abeto St,33
13,ROUTE 13 HIBAO-AN TO CITY PROPER VIA TABUCAN HUB LOOP,hibaoan-tabucan,https://shemaegomez.com/hibao-an-iloilo-city-proper-festive-walk-jeepney-route/,,,,0,0,,https://shemaegomez.com/?faq-group=route-13,"Hibao-an Loop, Guzman St. (Ana Ros VIllage), R. Mapa St., Carpenter’s Bridge, Locsin St. (lloilo Supermart Molo) MH del Pilar St. (John B. Lacson University), Gen. Luna St. (UPV Iloilo Campus/University of San Agustin), Jalandoni St. (University of San Agustin Gym), Ledesma St. (Robinsons City), Iznart St. (Socorro Drug/ Iloilo Central Market), Rizal St. (UI Phinma), Ortiz St., JM Basa St. (Plaza Libertad), Rizal St. (Gaisano Capital/Ilollo Central Market), Iznart St., Ledesma St. (Colegio de las Hijas de Jesus), Jalandoni St. (University of San Agustin Gym), Gen. Luna St., MH del Piiar St. (Hotel del Rio), San Pedro St. (Molo Plaza), Locsin St., Carpenter Br. (Medical City), R. Mapa St., Onate St., Guzman-Jesena St., Hibao-an Loop.",Hibao-an Loop | Guzman St. (Ana Ros VIllage) | R. Mapa St | Carpenter’s Bridge | Locsin St. (lloilo Supermart Molo) MH del Pilar St. (John B. Lacson University) | Gen. Luna St. (UPV Iloilo Campus/University of San Agustin) | Jalandoni St. (University of San Agustin Gym) | Ledesma St. (Robinsons City) | Iznart St. (Socorro Drug/ Iloilo Central Market) | Rizal St. (UI Phinma) | Ortiz St | JM Basa St. (Plaza Libertad) | Rizal St. (Gaisano Capital/Ilollo Central Market) | Iznart St | Ledesma St. (Colegio de las Hijas de Jesus) | Jalandoni St. (University of San Agustin Gym) | Gen. Luna St | MH del Piiar St. (Hotel del Rio) | San Pedro St. (Molo Plaza) | Locsin St | Carpenter Br. (Medical City) | R. Mapa St | Onate St | Guzman-Jesena St | Hibao-an Loop,25
14,ROUTE 14 HIBAO-AN TO JARO VIA B. AQUINO AVE. / FESTIVE LOOP,hibaoan-jaro,https://shemaegomez.com/hibao-an-jaro-jeepney-route/,,,,0,0,,https://shemaegomez.com/?faq-group=route-14,"Hibao-an Norte Loop, Guzman St. (Hibao-an Elementary School), Q. Abeto St. (WVMC/J7 Plaza Hotel), Megaworld Blvd., Festive Walk Transport Hub, Taft St. (lloilo Integrated School), B. Aquino Ave. (Zuri Hotel/SM City), Pison Ave., Rotunda (Seda), SM Transport Hub (Strata), B. Aquino Ave, Jalandoni St. (Injap Tower), Commission Civil St. (SM Hypermarket), Rizal St. (Plaza Jaro), El-98 St. (Jaro Market), B. Aquino Ave., Carlos, U-turn Fancom Inc., Spur Road, Turn Right Q. Abeto St., Guzman St., Hibao-an Loop.",Hibao-an Norte Loop | Guzman St. (Hibao-an Elementary School) | Q. Abeto St. (WVMC/J7 Plaza Hotel) | Megaworld Blvd | Festive Walk Transport Hub | Taft St. (lloilo Integrated School) | B. Aquino Ave. (Zuri Hotel/SM City) | Pison Ave | Rotunda (Seda) | SM Transport Hub (Strata) | B. Aquino Ave | Jalandoni St. (Injap Tower) | Commission Civil St. (SM Hypermarket) | Rizal St. (Plaza Jaro) | El-98 St. (Jaro Market) | B. Aquino Ave | Carlos | U-turn Fancom Inc | Spur Road | Turn Right Q. Abeto St | Guzman St | Hibao-an Loop,22
15,ROUTE 15 MOLO TO CITY PROPER VIA BALUARTE LOOP,molo-iloilo,https://shemaegomez.com/molo-baluarte-jeepney-route/,https://www.google.com/maps/d/embed?mid=1uq_dR5LMaf6A-Fnje_T8ofxb_IC_XMs&ehbc=2E312F,1uq_dR5LMaf6A-Fnje_T8ofxb_IC_XMs,https://www.google.com/maps/d/kml?mid=1uq_dR5LMaf6A-Fnje_T8ofxb_IC_XMs&forcekml=1,2,397,,https://shemaegomez.com/?faq-group=route-15,"Locsin St. (Molo Plaza), Baluarte-Calumpang-Villa-Oton Blvd., Rizal St., (Tanza Church), Ledesma St., Jalandoni St., (Aglipay Church) De leon St., (Super), Fuentes St., Ledesma St.(Robinsons Main/1688 Mall), Iznart St. (Socorro Drug/lloilo Grand Hotel), Rizal St. (UI Phinma), Ortiz St., JM Basa St. (Plaza Libertad), Rizal St. (Goldberry Lite Hotel, Gaisano Capital/lloilo Central Market), Iznart St. (Socorro Drug), Ledesma St. (Unitop), Mabini St. (Robinsons City), De Leon St. (Super), Fuentes St., Ledesma St. (Colegio de las Hijas de Jesus), Rizal St., Infante St. (Iloilo Fish Port), Baluarte-Calumpang-Villa-Oton BIvd., Locsin St. (Molo Plaza), MH Del Pilar St. (GT Mall Molo), U-turn Senator Ganzon Rotunda, San Pedro St., Locsin St. (Molo Plaza)",Locsin St. (Molo Plaza) | Baluarte-Calumpang-Villa-Oton Blvd | Rizal St | (Tanza Church) | Ledesma St | Jalandoni St | (Aglipay Church) De leon St | (Super) | Fuentes St | Ledesma St.(Robinsons Main/1688 Mall) | Iznart St. (Socorro Drug/lloilo Grand Hotel) | Rizal St. (UI Phinma) | Ortiz St | JM Basa St. (Plaza Libertad) | Rizal St. (Goldberry Lite Hotel | Gaisano Capital/lloilo Central Market) | Iznart St. (Socorro Drug) | Ledesma St. (Unitop) | Mabini St. (Robinsons City) | De Leon St. (Super) | Fuentes St | Ledesma St. (Colegio de las Hijas de Jesus) | Rizal St | Infante St. (Iloilo Fish Port) | Baluarte-Calumpang-Villa-Oton BIvd | Locsin St. (Molo Plaza) | MH Del Pilar St. (GT Mall Molo) | U-turn Senator Ganzon Rotunda | San Pedro St | Locsin St. (Molo Plaza),30
16,ROUTE 16 BITO-ON TO JARO VIA BALABAGO LOOP,bitoon-jaro,https://shemaegomez.com/bito-on-balabago-jeepney-route/,,,,0,0,,https://shemaegomez.com/?faq-group=route-16,"Metropolis East Entrance Gate (Philippine Science HS), Coastal Rd., Balabago Rd, (Balabago Elementary School), Cubay Rd. (MG Motor Car Sales), MacArthur Dr. (Angelicum), Simon Ledesma St. (Jaro Small Market), Lopez Jaena St. (Biscocho House), Rizal St. (Jaro Plaza), Washington St., MacArthur Dr., Balabago Rd. (Jollibee Tabuc Suba), Coastal Rd., Metropolis East Entrance.",Metropolis East Entrance Gate (Philippine Science HS) | Coastal Rd | Balabago Rd | (Balabago Elementary School) | Cubay Rd. (MG Motor Car Sales) | MacArthur Dr. (Angelicum) | Simon Ledesma St. (Jaro Small Market) | Lopez Jaena St. (Biscocho House) | Rizal St. (Jaro Plaza) | Washington St | MacArthur Dr | Balabago Rd. (Jollibee Tabuc Suba) | Coastal Rd | Metropolis East Entrance,14
17,ROUTE 17 VILLA BAYBAY TO CITY PROPER VIA BONIFACIO,villa-baybay,https://shemaegomez.com/villa-baybay-jeepney-route/,,,,0,0,,https://shemaegomez.com/?faq-group=route-17,"Total Gas Station (Yulo), Baluarte-Calumpang-Villa-Oton Blvd. Tatoy’s Manokan and Seafood), Sto. Domingo St., Bonifacio St. (lloilo Supermart Arevalo), Quezon St., Avanceña St. (Dominican Motherhouse). Locsin St. (Molo Plaza), MH del Pilar St. (GT Mall Molo/lloilo City National HS/St. Therese MTC/JBLCF-Molo), Gen. Luna St. (UPV lloilo Campus/University of San Agustin), Quezon St.(Robinsons City), Rizal St.(UI Phinma), Ortiz St., JM Basa St. (Plaza Libertad), Rizal St. (Goldberry Lite Hotel/Gaisano Capltal/lloilo Central Market), Quezon St. (Sta. Teresita Church), Delgado St. (Narita), Mabini St. (EMCOR/SPED-Integrated/Jubilee Hall), Gen. Luna St., MH del Pilar St. (Technical Institute ot Iloilo City), San Pedro St. (Molo Church/Plaza), Avanceña St. (lloilo Supermart-Molo), Quezon St. (lloilo Supermart Arevalo), Yulo St., Baluarte-Calumpang-Villa-Oton Blvd. (Tatoy’s, John B Lacson Arevalo Campus), Sto.Domingo, Bonifacio St., Quezon St., to lloilo City Proper",Total Gas Station (Yulo) | Baluarte-Calumpang-Villa-Oton Blvd. Tatoy’s Manokan and Seafood) | Sto. Domingo St | Bonifacio St. (lloilo Supermart Arevalo) | Quezon St | Avanceña St. (Dominican Motherhouse). Locsin St. (Molo Plaza) | MH del Pilar St. (GT Mall Molo/lloilo City National HS/St. Therese MTC/JBLCF-Molo) | Gen. Luna St. (UPV lloilo Campus/University of San Agustin) | Quezon St.(Robinsons City) | Rizal St.(UI Phinma) | Ortiz St | JM Basa St. (Plaza Libertad) | Rizal St. (Goldberry Lite Hotel/Gaisano Capltal/lloilo Central Market) | Quezon St. (Sta. Teresita Church) | Delgado St. (Narita) | Mabini St. (EMCOR/SPED-Integrated/Jubilee Hall) | Gen. Luna St | MH del Pilar St. (Technical Institute ot Iloilo City) | San Pedro St. (Molo Church/Plaza) | Avanceña St. (lloilo Supermart-Molo) | Quezon St. (lloilo Supermart Arevalo) | Yulo St | Baluarte-Calumpang-Villa-Oton Blvd. (Tatoy’s | John B Lacson Arevalo Campus) | Sto.Domingo | Bonifacio St | Quezon St | to lloilo City Proper,28
18,ROUTE 18 TAGBAK TO CITY PROPER VIA COASTAL LOOP,tagbak-lapuz,https://shemaegomez.com/tagbak-lapuz-jeepney-route/,,,,0,0,,https://shemaegomez.com/?faq-group=route-18,"Buntatala/Tagbak loop (Spousal of Mary and Joseph Parish Church), Tagbak Terminal, MacArthur Dr. (Ceres Terminal), lloilo Circumferential Rd. (C. Aquino Ave.), Coastal Rd., Lapuz Mansaya-Loboc Rd. (Guimaras RORO Terminal), Rizal St., lloilo Ferry Terminal Road (lloilo-Bacolod Ferry Terminal), Arroyo Bridge, Muelle Loney St., Aldeguer St., JM Basa St. (Washington Supermart), Mapa St. (SSS/Sun Yat Sen), Rizal St. (UI Phinma), Iznart St. (lloilo Central Market), Aldeguer St., Muelley Loney St., Arroyo Bridge, lloilo Ferry Terminal Road, Rizal St., Lapuz Mansaya-Loboc Rd., Coastal Rd., Iloilo Circumferential Rd. (C. Aquino Ave.), MacArthur Dr., Tagbak Terminal, Buntatala/Tagbak loop (Spousal of Mary and Joseph Parish Church)",Buntatala/Tagbak loop (Spousal of Mary and Joseph Parish Church) | Tagbak Terminal | MacArthur Dr. (Ceres Terminal) | lloilo Circumferential Rd. (C. Aquino Ave.) | Coastal Rd | Lapuz Mansaya-Loboc Rd. (Guimaras RORO Terminal) | Rizal St | lloilo Ferry Terminal Road (lloilo-Bacolod Ferry Terminal) | Arroyo Bridge | Muelle Loney St | Aldeguer St | JM Basa St. (Washington Supermart) | Mapa St. (SSS/Sun Yat Sen) | Rizal St. (UI Phinma) | Iznart St. (lloilo Central Market) | Aldeguer St | Muelley Loney St | Arroyo Bridge | lloilo Ferry Terminal Road | Rizal St | Lapuz Mansaya-Loboc Rd | Coastal Rd | Iloilo Circumferential Rd. (C. Aquino Ave.) | MacArthur Dr | Tagbak Terminal | Buntatala/Tagbak loop (Spousal of Mary and Joseph Parish Church),26
19,ROUTE 19 BITO-ON TO CITY PROPER VIA LA PAZ LOOP,bitoon-lapaz,https://shemaegomez.com/bito-on-lapaz-jeepney-route/,,,,0,0,,https://shemaegomez.com/?faq-group=route-19,"Metropolis Ave. (Philippine Science HS), Coastal Rd., Baldoza St., Lopez Jaena St. La Paz Police Station), Jereos St. (La Paz Plaza), Huervana Ext., Burgos St., Magdalo St. (St. Therese-MTC Colleges), Luna St. (Galsano La Paz), Bonifacio Dr. (Hall of Justice/ Provincial Capitol), Gen. Luna (St. Paul’s Hospital and University), Mabini St. (Jubilee Hall/SPED School), De Leon St. (Robinsons City), Valeria St. (Marymart/SM/Atrium), Gen. luna St., Muelle Loney (Registry of Deeds/lloilo Provincial Capitol), Rizal St., Huervana St. (La Paz Market), Lopez Jaena St., Baldoza St., Coastal Rd., Bito-on loop.",Metropolis Ave. (Philippine Science HS) | Coastal Rd | Baldoza St | Lopez Jaena St. La Paz Police Station) | Jereos St. (La Paz Plaza) | Huervana Ext | Burgos St | Magdalo St. (St. Therese-MTC Colleges) | Luna St. (Galsano La Paz) | Bonifacio Dr. (Hall of Justice/ Provincial Capitol) | Gen. Luna (St. Paul’s Hospital and University) | Mabini St. (Jubilee Hall/SPED School) | De Leon St. (Robinsons City) | Valeria St. (Marymart/SM/Atrium) | Gen. luna St | Muelle Loney (Registry of Deeds/lloilo Provincial Capitol) | Rizal St | Huervana St. (La Paz Market) | Lopez Jaena St | Baldoza St | Coastal Rd | Bito-on loop,22
20,ROUTE 20 MOHON TO JARO VIA SO OC / FESTIVE WALK / ISATU,villa-jaro,https://shemaegomez.com/villa-jaro-jeepney-route/,,,,0,0,,https://shemaegomez.com/?faq-group=route-20,"Mohon Terminal, Arevalo Plaza, Quezon St., Jocson St., So-oc Resettlement Rd., Calajunan Rd., Oñate St. (Mandurriao Plaza), Q. Abeto St. (Western Visayas Medical Center), Megaworld BIvd., Festive Walk Transport Hub, Taft St. (lloilo Integrated School), El 98 St. (Jaro Big Market), Rizal St. (Jaro Plaza), Commission Civil, ISATU Loop, Commission Civil St. (SM Hypermarket), M. Jayme St., E. Lopez St. (Robinsons Jaro), Rizal St. (Jaro Plaza), El 98 St., Taft St., Q. Abeto St. (lloilo Supermart Mandurriao), Perfecto St., (Mandurriao Church), Ofate St., Calajunan Rd., So-oc Resettiement Rd., Jocson St., Arevalo Plaza, Mohon Terminal",Mohon Terminal | Arevalo Plaza | Quezon St | Jocson St | So-oc Resettlement Rd | Calajunan Rd | Oñate St. (Mandurriao Plaza) | Q. Abeto St. (Western Visayas Medical Center) | Megaworld BIvd | Festive Walk Transport Hub | Taft St. (lloilo Integrated School) | El 98 St. (Jaro Big Market) | Rizal St. (Jaro Plaza) | Commission Civil | ISATU Loop | Commission Civil St. (SM Hypermarket) | M. Jayme St | E. Lopez St. (Robinsons Jaro) | Rizal St. (Jaro Plaza) | El 98 St | Taft St | Q. Abeto St. (lloilo Supermart Mandurriao) | Perfecto St | (Mandurriao Church) | Ofate St | Calajunan Rd | So-oc Resettiement Rd | Jocson St | Arevalo Plaza | Mohon Terminal,30
21,ROUTE 21 TAGBAK / BUNTATALA TO FESTIVE WALK VIA SM CITY / ATRIA,tagbak-festive,https://shemaegomez.com/tagbak-festive-jeepney-route/,,,,0,0,,https://shemaegomez.com/?faq-group=route-21,"Buntatala Loop (Spousal of Mary and Joseph Parish Church), Tagbak Terminal (City Mall Tagbak), MacArthur Dr. (Ceres Terminal), Simon Ledesma St. (Jaro Small Market), Lopez Jaena St. (Biscocho Haus), Rizal St. (Jaro Plaza), El-98 St., B. Aquino Ave. (SM City/Smallville Complex), Infante St. (UP/lloilo Doctors’ College), Locsin St. (lloilo Fish Port Complex), Rizal St., Infante St. (UPV lloilo Campus), B. Aquino Ave., Gaisano ICC Loop, Pison Ave. (Atria), R. Mapa St., Megaworld Ave. (Festive Hub), Taft St., El-98 St. (Puregold), Rizal St. (Jaro Plaza), Washington St. (Palasyo), MacArthur Dr. (lloilo Supermart-Jaro), Tagbak Terminal, Buntatala Loop (Spousal of Mary and Joseph Parish Church)",Buntatala Loop (Spousal of Mary and Joseph Parish Church) | Tagbak Terminal (City Mall Tagbak) | MacArthur Dr. (Ceres Terminal) | Simon Ledesma St. (Jaro Small Market) | Lopez Jaena St. (Biscocho Haus) | Rizal St. (Jaro Plaza) | El-98 St | B. Aquino Ave. (SM City/Smallville Complex) | Infante St. (UP/lloilo Doctors’ College) | Locsin St. (lloilo Fish Port Complex) | Rizal St | Infante St. (UPV lloilo Campus) | B. Aquino Ave | Gaisano ICC Loop | Pison Ave. (Atria) | R. Mapa St | Megaworld Ave. (Festive Hub) | Taft St | El-98 St. (Puregold) | Rizal St. (Jaro Plaza) | Washington St. (Palasyo) | MacArthur Dr. (lloilo Supermart-Jaro) | Tagbak Terminal | Buntatala Loop (Spousal of Mary and Joseph Parish Church),24
22,ROUTE 22 UNGKA TO LA PAZ VIA CPU – ISATU LOOP,ungka-lapaz,https://shemaegomez.com/ungka-isatu-jeepney-route/,,,,0,0,,https://shemaegomez.com/?faq-group=route-22,"Ungka Terminal (ITGS lI), Diversion Rd. (University of San Agustin-Sambag), Lopez Jaena St. (CPU), Rizal St. (Jaro Plaza), Commission Civil St. (SM Hypermarket), Burgos St. (ISATU), Huervana St. (La Paz Plaza), Rizal St. (La Paz Public Market), Arroyo St., Magdalo St. (St. Therese-MTC Colleges) Burgos St., Commission Civil St. (SM Hypermarket), Washington St. (Old Jaro Municipal Hall), Democracia St., Simon Ledesma, Lopez Jaena St., Diversion Rd., Ungka Terminal",Ungka Terminal (ITGS lI) | Diversion Rd. (University of San Agustin-Sambag) | Lopez Jaena St. (CPU) | Rizal St. (Jaro Plaza) | Commission Civil St. (SM Hypermarket) | Burgos St. (ISATU) | Huervana St. (La Paz Plaza) | Rizal St. (La Paz Public Market) | Arroyo St | Magdalo St. (St. Therese-MTC Colleges) Burgos St | Commission Civil St. (SM Hypermarket) | Washington St. (Old Jaro Municipal Hall) | Democracia St | Simon Ledesma | Lopez Jaena St | Diversion Rd | Ungka Terminal,17
23,ROUTE 23 MOHON TO MANDURRIAO BUSINESS DISTRICT,mohon-mandurriao,https://shemaegomez.com/mohon-mandurriao-jeepney-route/,,,,0,0,,https://shemaegomez.com/?faq-group=route-23,"Mohon Terminal., Osmeña St. (Plaza Arevalo), Jocson St. (JD Bakeshop), Avanceña St., (Dominican Motherhouse), Molo Plaza, GT Mall, Iloilo City National High School, lloilo City College, San Marcos St. (Ground Effects), Locsin St. (lloilo Supermart-Molo), Pison Ave., Gaisano Iloilo City Center, SM Strata, B. Aquino Ave., Taft St., Megaworld Ave., R. Mapa St., Locsin St. (Medical City), Avanceña St. (lloilo Supermart-Molo), Jocson St., Osmeña St., Mohon Terminal",Mohon Terminal | Osmeña St. (Plaza Arevalo) | Jocson St. (JD Bakeshop) | Avanceña St | (Dominican Motherhouse) | Molo Plaza | GT Mall | Iloilo City National High School | lloilo City College | San Marcos St. (Ground Effects) | Locsin St. (lloilo Supermart-Molo) | Pison Ave | Gaisano Iloilo City Center | SM Strata | B. Aquino Ave | Taft St | Megaworld Ave | R. Mapa St | Locsin St. (Medical City) | Avanceña St. (lloilo Supermart-Molo) | Jocson St | Osmeña St | Mohon Terminal,23
24,ROUTE 24 LA PAZ TO FESTIVE WALK VIA NABITASAN LOOP,lapaz-festive,https://shemaegomez.com/la-paz-festive-jeepney-route/,,,,0,0,,https://shemaegomez.com/?faq-group=route-24,"La Paz Plaza, Huervana Ext., Burgos St., ISATU Loop, Magdalo, Hechanova St., Senator E. Treñas Boulevard (Prime Estate/Garden of Love), B. Aquino Ave., Gaisano Iloilo City Center Hub, SM Strata Hub, U-turn Gil Traders, B. Aquino Ave. (Zuri Hotel/SM City), Pison Ave., R. Mapa St., Megaworld Blvd., Festive Walk Transport Hub, Megaworld Blvd., Airport Spur Rd., Diversion Road, Gaisano lloilo City Center Loop, Diversion Service Rd., Senator E. Treñas Blvd. (Nabitasan Garden of love), Hechanova St., Luna St. (Gaisano La Paz), Bonifacio St. (Provincial Capitol), Muelle Loney St., Rizal St. (Registry of Deeds), Huervana St., La Paz Plaza, Huervana Extension, La Paz Plaza",La Paz Plaza | Huervana Ext | Burgos St | ISATU Loop | Magdalo | Hechanova St | Senator E. Treñas Boulevard (Prime Estate/Garden of Love) | B. Aquino Ave | Gaisano Iloilo City Center Hub | SM Strata Hub | U-turn Gil Traders | B. Aquino Ave. (Zuri Hotel/SM City) | Pison Ave | R. Mapa St | Megaworld Blvd | Festive Walk Transport Hub | Megaworld Blvd | Airport Spur Rd | Diversion Road | Gaisano lloilo City Center Loop | Diversion Service Rd | Senator E. Treñas Blvd. (Nabitasan Garden of love) | Hechanova St | Luna St. (Gaisano La Paz) | Bonifacio St. (Provincial Capitol) | Muelle Loney St | Rizal St. (Registry of Deeds) | Huervana St | La Paz Plaza | Huervana Extension | La Paz Plaza,31
25,ROUTE 25 MOLO TO CITY PROPER VIA GENERAL LUNA LOOP,htoc-route-25-molo-to-city-proper-via-general-luna-loop,https://shemaegomez.com/molo-baluarte-derecho-jeepney-route/,https://www.google.com/maps/d/embed?mid=1VKwFFL-nBXWWpuzhsiL-8jxgqQc__tE&ehbc=2E312F,1VKwFFL-nBXWWpuzhsiL-8jxgqQc__tE,https://www.google.com/maps/d/kml?mid=1VKwFFL-nBXWWpuzhsiL-8jxgqQc__tE&forcekml=1,1,351,,https://shemaegomez.com/?faq-group=route-25,"Locsin St. (Molo Plaza), MH Del Pilar St. (GT Mall Molo), Gen. Luna St. (J0hn B University Molo/UPV Iloilo Campus/University of San Agustin/ Jubilee Hall/SPED-Integrated/Iloilo Central Elementary School/Assumption Iloilo/St. Paul’s Hospital-University/Atrium Mall), Iznart St. (Citadines), JM Basa St. (Socorro Drug/Sunburst Park/City Hall/Plaza Libertad), Rizal St. (UI Phinma/Iloilo Central Market), Iznart St., Ledesma St., Mabini St. (Robinsons City), De leon St. (Super), Fuentes St., Ledesma St. (Colegio de las Hijas de Jesus), Rizal St., Infante St. (Iloilo Fish Port), Baluarte-Calumpang-Villa-Oton Blvd., Locsin St. (Molo Plaza), MH Del Pilar St. (GT Mall Molo), U-turn Senator Ganzon Rotunda, San Pedro St., Locsin St. (Molo Plaza)",Locsin St. (Molo Plaza) | MH Del Pilar St. (GT Mall Molo) | Gen. Luna St. (J0hn B University Molo/UPV Iloilo Campus/University of San Agustin/ Jubilee Hall/SPED-Integrated/Iloilo Central Elementary School/Assumption Iloilo/St. Paul’s Hospital-University/Atrium Mall) | Iznart St. (Citadines) | JM Basa St. (Socorro Drug/Sunburst Park/City Hall/Plaza Libertad) | Rizal St. (UI Phinma/Iloilo Central Market) | Iznart St | Ledesma St | Mabini St. (Robinsons City) | De leon St. (Super) | Fuentes St | Ledesma St. (Colegio de las Hijas de Jesus) | Rizal St | Infante St. (Iloilo Fish Port) | Baluarte-Calumpang-Villa-Oton Blvd | Locsin St. (Molo Plaza) | MH Del Pilar St. (GT Mall Molo) | U-turn Senator Ganzon Rotunda | San Pedro St | Locsin St. (Molo Plaza),20
